"ID","AUTHOR","FILENAME","DATEEXECUTED","ORDEREXECUTED","EXECTYPE","MD5SUM","DESCRIPTION","COMMENTS","TAG","LIQUIBASE","CONTEXTS","LABELS","DEPLOYMENT_ID"
"1","gentlemanstore","db/changelog/migrations/V1__create_users_tables.xml","2026-07-14T15:38:45.559","1","EXECUTED","9:2c9a808d0d20dc7c799fb1f9f5039f61","createTable tableName=roles","","","4.29.2","()","","4036325374"
"2","gentlemanstore","db/changelog/migrations/V1__create_users_tables.xml","2026-07-14T15:38:45.578","2","EXECUTED","9:1da6bb72276aabdccd1700e94e7fa34b","createTable tableName=users","","","4.29.2","()","","4036325374"
"3","gentlemanstore","db/changelog/migrations/V1__create_users_tables.xml","2026-07-14T15:38:45.59","3","EXECUTED","9:30ed8e1d74c7bea3f20504cffa6f9d40","createTable tableName=user_roles; addPrimaryKey constraintName=pk_user_roles, tableName=user_roles; addForeignKeyConstraint baseTableName=user_roles, constraintName=fk_user_roles_user, referencedTableName=users; addForeignKeyConstraint baseTableName=us...","","","4.29.2","()","","4036325374"
"4","gentlemanstore","db/changelog/migrations/V1__create_users_tables.xml","2026-07-14T15:38:45.602","4","EXECUTED","9:9cf91260fbaeb55303b8c3d675ded75b","createTable tableName=addresses; addForeignKeyConstraint baseTableName=addresses, constraintName=fk_addresses_user, referencedTableName=users","","","4.29.2","()","","4036325374"
"5","gentlemanstore","db/changelog/migrations/V2__insert_roles.xml","2026-07-14T15:38:45.613","5","EXECUTED","9:c05056581d46c399746d6070a5a743dd","insert tableName=roles; insert tableName=roles; insert tableName=roles; insert tableName=roles","","","4.29.2","()","","4036325374"
"6","gentlemanstore","db/changelog/migrations/V3__create_product_tables.xml","2026-07-14T15:38:45.625","6","EXECUTED","9:827968ccac6b7742e965afc3c8331a2a","createTable tableName=categories","","","4.29.2","()","","4036325374"
"7","gentlemanstore","db/changelog/migrations/V3__create_product_tables.xml","2026-07-14T15:38:45.636","7","EXECUTED","9:4bccac9e9e814d57d333b5241b8952e0","createTable tableName=products; addForeignKeyConstraint baseTableName=products, constraintName=fk_products_category, referencedTableName=categories","","","4.29.2","()","","4036325374"
"8","gentlemanstore","db/changelog/migrations/V3__create_product_tables.xml","2026-07-14T15:38:45.647","8","EXECUTED","9:c03db7479aa00457e10eb83a706834aa","createTable tableName=sizes; addForeignKeyConstraint baseTableName=sizes, constraintName=fk_sizes_product, referencedTableName=products","","","4.29.2","()","","4036325374"
"9","gentlemanstore","db/changelog/migrations/V3__create_product_tables.xml","2026-07-14T15:38:45.659","9","EXECUTED","9:d6af85fb7042e8e7568e4d88c3e48dcd","createTable tableName=images; addForeignKeyConstraint baseTableName=images, constraintName=fk_images_product, referencedTableName=products","","","4.29.2","()","","4036325374"
"10","gentlemanstore","db/changelog/migrations/V3__create_product_tables.xml","2026-07-14T15:38:45.671","10","EXECUTED","9:f28e6d775683f8703755814a64ccaa2a","createTable tableName=tags","","","4.29.2","()","","4036325374"
"11","gentlemanstore","db/changelog/migrations/V3__create_product_tables.xml","2026-07-14T15:38:45.682","11","EXECUTED","9:c76c9fe6f43745f85b763a422c9df3b1","createTable tableName=product_tags; addPrimaryKey constraintName=pk_product_tags, tableName=product_tags; addForeignKeyConstraint baseTableName=product_tags, constraintName=fk_product_tags_product, referencedTableName=products; addForeignKeyConstraint ...","","","4.29.2","()","","4036325374"
"12","gentlemanstore","db/changelog/migrations/V3__create_product_tables.xml","2026-07-14T15:38:45.695","12","EXECUTED","9:f07b080ecc1309457fc203be073d2ce7","createTable tableName=outfits","","","4.29.2","()","","4036325374"
"13","gentlemanstore","db/changelog/migrations/V3__create_product_tables.xml","2026-07-14T15:38:45.705","13","EXECUTED","9:df4731225c62caa600507999d8af57e3","createTable tableName=outfit_items; addForeignKeyConstraint baseTableName=outfit_items, constraintName=fk_outfit_items_product, referencedTableName=products; addForeignKeyConstraint baseTableName=outfit_items, constraintName=fk_outfit_items_outfit, ref...","","","4.29.2","()","","4036325374"
"14","gentlemanstore","db/changelog/migrations/V4__create_order_tables.xml","2026-07-14T15:38:45.718","14","EXECUTED","9:c166fa2bbcd9a1b55652f27a7d978542","createTable tableName=orders; addForeignKeyConstraint baseTableName=orders, constraintName=fk_orders_user, referencedTableName=users","","","4.29.2","()","","4036325374"
"15","gentlemanstore","db/changelog/migrations/V4__create_order_tables.xml","2026-07-14T15:38:45.731","15","EXECUTED","9:2cf9a3d5a608ac1b6e7896f2fa6543fb","createTable tableName=order_items; addForeignKeyConstraint baseTableName=order_items, constraintName=fk_order_items_order, referencedTableName=orders; addForeignKeyConstraint baseTableName=order_items, constraintName=fk_order_items_product, referencedT...","","","4.29.2","()","","4036325374"
"16","gentlemanstore","db/changelog/migrations/V4__create_order_tables.xml","2026-07-14T15:38:45.744","16","EXECUTED","9:e8adff5de18a6ea89ae58a5c6b278666","createTable tableName=shipments; addForeignKeyConstraint baseTableName=shipments, constraintName=fk_shipments_order, referencedTableName=orders","","","4.29.2","()","","4036325374"
"17","gentlemanstore","db/changelog/migrations/V5__create_inventory_tables.xml","2026-07-14T15:38:45.756","17","EXECUTED","9:32ef87183cd8e280b349bcf7ba4626c1","createTable tableName=inventory; addForeignKeyConstraint baseTableName=inventory, constraintName=fk_inventory_product_size, referencedTableName=sizes","","","4.29.2","()","","4036325374"
"18","gentlemanstore","db/changelog/migrations/V5__create_inventory_tables.xml","2026-07-14T15:38:45.768","18","EXECUTED","9:2c60bac25a5f48b2c6370127221e7f48","createTable tableName=stock_alerts; addForeignKeyConstraint baseTableName=stock_alerts, constraintName=fk_stock_alerts_inventory, referencedTableName=inventory","","","4.29.2","()","","4036325374"
"19","gentlemanstore","db/changelog/migrations/V6__create_loyalty_tables.xml","2026-07-14T15:38:45.779","19","EXECUTED","9:03ab95409d21943cc01318fdc4d88773","createTable tableName=loyalty_tiers","","","4.29.2","()","","4036325374"
"20","gentlemanstore","db/changelog/migrations/V6__create_loyalty_tables.xml","2026-07-14T15:38:45.792","20","EXECUTED","9:4bfc3ee725e264fc202be07bb97f005b","createTable tableName=loyalty_accounts; addForeignKeyConstraint baseTableName=loyalty_accounts, constraintName=fk_loyalty_accounts_user, referencedTableName=users; addForeignKeyConstraint baseTableName=loyalty_accounts, constraintName=fk_loyalty_accoun...","","","4.29.2","()","","4036325374"
"21","gentlemanstore","db/changelog/migrations/V6__create_loyalty_tables.xml","2026-07-14T15:38:45.802","21","EXECUTED","9:b455971b53edce187db4e0986851da71","createTable tableName=loyalty_transactions; addForeignKeyConstraint baseTableName=loyalty_transactions, constraintName=fk_loyalty_transactions_account, referencedTableName=loyalty_accounts","","","4.29.2","()","","4036325374"
"22","gentlemanstore","db/changelog/migrations/V6__create_loyalty_tables.xml","2026-07-14T15:38:45.815","22","EXECUTED","9:1991112173f57b7bb1d3f05424a4d2d3","createTable tableName=points_rules","","","4.29.2","()","","4036325374"
"23","gentlemanstore","db/changelog/migrations/V6__create_loyalty_tables.xml","2026-07-14T15:38:45.828","23","EXECUTED","9:9edab3e8f3819b2b6216255fc142df7a","insert tableName=loyalty_tiers; insert tableName=loyalty_tiers; insert tableName=loyalty_tiers; insert tableName=loyalty_tiers","","","4.29.2","()","","4036325374"
"24","gentlemanstore","db/changelog/migrations/V7__create_discount_tables.xml","2026-07-14T15:38:45.839","24","EXECUTED","9:e98e6bf3a0a9491b67a4f6aaa4c8e51b","createTable tableName=discounts","","","4.29.2","()","","4036325374"
"25","gentlemanstore","db/changelog/migrations/V7__create_discount_tables.xml","2026-07-14T15:38:45.853","25","EXECUTED","9:6a7e5b615056dc1b615d0680743a9d33","createTable tableName=promotions; addForeignKeyConstraint baseTableName=promotions, constraintName=fk_promotions_discount, referencedTableName=discounts","","","4.29.2","()","","4036325374"
"26","gentlemanstore","db/changelog/migrations/V7__create_discount_tables.xml","2026-07-14T15:38:45.864","26","EXECUTED","9:ee8ccc939cb4ee027ac5396334902e7a","createTable tableName=user_promotions; addForeignKeyConstraint baseTableName=user_promotions, constraintName=fk_user_promotions_user, referencedTableName=users; addForeignKeyConstraint baseTableName=user_promotions, constraintName=fk_user_promotions_pr...","","","4.29.2","()","","4036325374"
"27","gentlemanstore","db/changelog/migrations/V8__create_payment_tables.xml","2026-07-14T15:38:45.876","27","EXECUTED","9:b66df0ed92d304d7def68f34b1450a32","createTable tableName=payments; addForeignKeyConstraint baseTableName=payments, constraintName=fk_payments_order, referencedTableName=orders","","","4.29.2","()","","4036325374"
"28","gentlemanstore","db/changelog/migrations/V9__create_support_tables.xml","2026-07-14T15:38:45.888","28","EXECUTED","9:240df12a6391509bd84b4e80ca372f96","createTable tableName=chat_sessions","","","4.29.2","()","","4036325374"
"29","gentlemanstore","db/changelog/migrations/V9__create_support_tables.xml","2026-07-14T15:38:45.9","29","EXECUTED","9:a9e48158e7bd250349e46dfd2c106934","createTable tableName=support_tickets; addForeignKeyConstraint baseTableName=support_tickets, constraintName=fk_support_tickets_user, referencedTableName=users; addForeignKeyConstraint baseTableName=support_tickets, constraintName=fk_support_tickets_ch...","","","4.29.2","()","","4036325374"
"30","gentlemanstore","db/changelog/migrations/V9__create_support_tables.xml","2026-07-14T15:38:45.913","30","EXECUTED","9:bc6deb2883a7b4c0ec7feba105974eff","createTable tableName=chat_messages; addForeignKeyConstraint baseTableName=chat_messages, constraintName=fk_chat_messages_session, referencedTableName=chat_sessions","","","4.29.2","()","","4036325374"
"31","gentlemanstore","db/changelog/migrations/V9__create_support_tables.xml","2026-07-14T15:38:45.924","31","EXECUTED","9:b1ef8c385d56bf75d8cbaea2afebeb0a","createTable tableName=bot_questions","","","4.29.2","()","","4036325374"
"32","gentlemanstore","db/changelog/migrations/V9__create_support_tables.xml","2026-07-14T15:38:45.937","32","EXECUTED","9:9fcdccacb9113413dcc9ac1b6e5465a3","createTable tableName=bot_responses; addForeignKeyConstraint baseTableName=bot_responses, constraintName=fk_bot_responses_question, referencedTableName=bot_questions; addForeignKeyConstraint baseTableName=bot_responses, constraintName=fk_bot_responses_...","","","4.29.2","()","","4036325374"
"33","gentlemanstore","db/changelog/migrations/V9__create_support_tables.xml","2026-07-14T15:38:45.95","33","EXECUTED","9:371f6e2993eee65f9bb20bb73c762a8d","insert tableName=bot_questions; insert tableName=bot_questions; insert tableName=bot_questions","","","4.29.2","()","","4036325374"
"34","gentlemanstore","db/changelog/migrations/V10__create_notification_tables.xml","2026-07-14T15:38:45.965","34","EXECUTED","9:ca9c5d464e0afa1b73727908d68f6447","createTable tableName=notifications; addForeignKeyConstraint baseTableName=notifications, constraintName=fk_notifications_user, referencedTableName=users","","","4.29.2","()","","4036325374"
"35","gentlemanstore","db/changelog/migrations/V10__create_notification_tables.xml","2026-07-14T15:38:45.976","35","EXECUTED","9:8e7ace5b84b1539bd002d34e8f9ab45a","createTable tableName=notifications_template","","","4.29.2","()","","4036325374"
"36","gentlemanstore","db/changelog/migrations/V11__create_cart_tables.xml","2026-07-14T15:38:45.988","36","EXECUTED","9:ef88a1de95766843e4af45f692cbbf90","createTable tableName=carts; addForeignKeyConstraint baseTableName=carts, constraintName=fk_carts_user, referencedTableName=users","","","4.29.2","()","","4036325374"
"37","gentlemanstore","db/changelog/migrations/V11__create_cart_tables.xml","2026-07-14T15:38:46.002","37","EXECUTED","9:79d6bb6417fa670fef5674b104739e46","createTable tableName=cart_items; addForeignKeyConstraint baseTableName=cart_items, constraintName=fk_cart_items_cart, referencedTableName=carts; addForeignKeyConstraint baseTableName=cart_items, constraintName=fk_cart_items_product, referencedTableNam...","","","4.29.2","()","","4036325374"
"38","gentlemanstore","db/changelog/migrations/V12__seed_data.xml","2026-07-14T15:38:46.016","38","EXECUTED","9:e5dec874b98f11fedc8da97ff77e1814","insert tableName=categories; insert tableName=categories; insert tableName=categories; insert tableName=categories; insert tableName=categories; insert tableName=categories","","","4.29.2","()","","4036325374"
"39","gentlemanstore","db/changelog/migrations/V12__seed_data.xml","2026-07-14T15:38:46.031","39","EXECUTED","9:dc864ff7f7a6af839ef0297a4c0b07de","insert tableName=tags; insert tableName=tags; insert tableName=tags; insert tableName=tags; insert tableName=tags; insert tableName=tags; insert tableName=tags; insert tableName=tags","","","4.29.2","()","","4036325374"
"40","gentlemanstore","db/changelog/migrations/V12__seed_data.xml","2026-07-14T15:38:46.05","40","EXECUTED","9:0dae9adc7b8d77a543a211d0848c5804","insert tableName=products; insert tableName=products; insert tableName=products; insert tableName=products; insert tableName=products; insert tableName=products; insert tableName=products; insert tableName=products; insert tableName=products; insert ta...","","","4.29.2","()","","4036325374"
"41","gentlemanstore","db/changelog/migrations/V12__seed_data.xml","2026-07-14T15:38:46.088","41","EXECUTED","9:7e472b7e1b710cc81baf045b084669f1","insert tableName=sizes; insert tableName=sizes; insert tableName=sizes; insert tableName=sizes; insert tableName=sizes; insert tableName=sizes; insert tableName=sizes; insert tableName=sizes; insert tableName=sizes; insert tableName=sizes; insert table...","","","4.29.2","()","","4036325374"
"46","gentlemanstore","db/changelog/migrations/V13__seed_images.xml","2026-07-14T15:38:46.114","42","EXECUTED","9:e5639307222c5b3023d221653c18c6f5","insert tableName=images; insert tableName=images; insert tableName=images; insert tableName=images; insert tableName=images; insert tableName=images; insert tableName=images; insert tableName=images; insert tableName=images; insert tableName=images; in...","","","4.29.2","()","","4036325374"
"47","gentlemanstore","db/changelog/migrations/V14__seed_more_products.xml","2026-07-14T15:38:46.135","43","EXECUTED","9:55eb1547d4c54d28d45373aac7e34cee","insert tableName=products; insert tableName=products; insert tableName=products; insert tableName=products; insert tableName=products; insert tableName=products; insert tableName=products; insert tableName=products; insert tableName=products; insert ta...","","","4.29.2","()","","4036325374"
"48","gentlemanstore","db/changelog/migrations/V15__seed_more_sizes.xml","2026-07-14T15:38:46.171","44","EXECUTED","9:bb2d87f6e771fd6b34f7d9b6393911ae","insert tableName=sizes; insert tableName=sizes; insert tableName=sizes; insert tableName=sizes; insert tableName=sizes; insert tableName=sizes; insert tableName=sizes; insert tableName=sizes; insert tableName=sizes; insert tableName=sizes; insert table...","","","4.29.2","()","","4036325374"
"49","gentlemanstore","db/changelog/migrations/V16__seed_more_images.xml","2026-07-14T15:38:46.196","45","EXECUTED","9:3585cc7749692008b789bc4fbeaa4a78","insert tableName=images; insert tableName=images; insert tableName=images; insert tableName=images; insert tableName=images; insert tableName=images; insert tableName=images; insert tableName=images; insert tableName=images; insert tableName=images; in...","","","4.29.2","()","","4036325374"
"50","gentlemanstore","db/changelog/migrations/V17__add_product_size_to_order_items.xml","2026-07-14T15:38:46.21","46","EXECUTED","9:46f0524e3f1aa7be7d4819e9f0b39ba4","addColumn tableName=order_items; addForeignKeyConstraint baseTableName=order_items, constraintName=fk_order_items_product_size, referencedTableName=sizes","","","4.29.2","()","","4036325374"
"51","gentlemanstore","db/changelog/migrations/V18__add_product_category_to_discounts.xml","2026-07-14T15:38:46.223","47","EXECUTED","9:cc339706a5254eb1bea75fbb3266cee0","addColumn tableName=discounts; addForeignKeyConstraint baseTableName=discounts, constraintName=fk_discounts_product, referencedTableName=products; addForeignKeyConstraint baseTableName=discounts, constraintName=fk_discounts_category, referencedTableNam...","","","4.29.2","()","","4036325374"
"51-drop-legacy-notifications","gentlemanstore","db/changelog/migrations/V19__create_notifications.xml","2026-07-14T15:38:46.235","48","EXECUTED","9:2d63fb2f47b7daf7f4324eccee0d6a7e","dropTable tableName=notifications","","","4.29.2","()","","4036325374"
"52","gentlemanstore","db/changelog/migrations/V19__create_notifications.xml","2026-07-14T15:38:46.248","49","EXECUTED","9:e94ad57ac54b11c72da4f1dd1c93deeb","createTable tableName=notifications","","","4.29.2","()","","4036325374"
"53","gentlemanstore","db/changelog/migrations/V20__create_refresh_tokens.xml","2026-07-14T15:38:46.26","50","EXECUTED","9:b9ce1f5b36b1937247f9d349df611029","createTable tableName=refresh_tokens","","","4.29.2","()","","4036325374"
"54","gentlemanstore","db/changelog/migrations/V21__fix_schema_gaps.xml","2026-07-14T15:38:46.272","51","EXECUTED","9:6e99ecc2981c0df2ccb5a05a17cbebec","addColumn tableName=orders","","","4.29.2","()","","4036325374"
"55","gentlemanstore","db/changelog/migrations/V21__fix_schema_gaps.xml","2026-07-14T15:38:46.285","52","EXECUTED","9:befc18e97130a4fe8e89f50e4e5ca65b","addColumn tableName=cart_items","","","4.29.2","()","","4036325374"
"56","gentlemanstore","db/changelog/migrations/V21__fix_schema_gaps.xml","2026-07-14T15:38:46.296","53","EXECUTED","9:d424813eb7a7a7a2daf5b447bd52568a","addColumn tableName=chat_messages","","","4.29.2","()","","4036325374"
"57","gentlemanstore","db/changelog/migrations/V21__fix_schema_gaps.xml","2026-07-14T15:38:46.307","54","EXECUTED","9:c64d09b4b9210f2a4c68fe55742109e7","createTable tableName=user_discounts; addForeignKeyConstraint baseTableName=user_discounts, constraintName=fk_user_discounts_user, referencedTableName=users; addForeignKeyConstraint baseTableName=user_discounts, constraintName=fk_user_discounts_discoun...","","","4.29.2","()","","4036325374"
"58","gentlemanstore","db/changelog/migrations/V22__separate_discounts_promotions.xml","2026-07-14T15:38:46.318","55","EXECUTED","9:dd182259f43a7ffd2ca391bfc6ba2b19","addColumn tableName=discounts","","","4.29.2","()","","4036325374"
"59","gentlemanstore","db/changelog/migrations/V22__separate_discounts_promotions.xml","2026-07-14T15:38:46.331","56","EXECUTED","9:477609ae5bd527748a6114a0b868a381","addColumn tableName=promotions","","","4.29.2","()","","4036325374"
"60","gentlemanstore","db/changelog/migrations/V22__separate_discounts_promotions.xml","2026-07-14T15:38:46.343","57","EXECUTED","9:b9630f59966dfdceed98892390cffbc3","sql","","","4.29.2","()","","4036325374"
"61","gentlemanstore","db/changelog/migrations/V22__separate_discounts_promotions.xml","2026-07-14T15:38:46.358","58","EXECUTED","9:a990e730b73660e7664a1b1f7806ea52","sql","","","4.29.2","()","","4036325374"
"62","gentlemanstore","db/changelog/migrations/V22__separate_discounts_promotions.xml","2026-07-14T15:38:46.373","59","EXECUTED","9:7fef6c0130ab84e006aff87981d30315","sql","","","4.29.2","()","","4036325374"
"63","gentlemanstore","db/changelog/migrations/V22__separate_discounts_promotions.xml","2026-07-14T15:38:46.386","60","EXECUTED","9:35a29d3ae05e95bfd4afeb21a458e9b8","addNotNullConstraint columnName=code, tableName=promotions; addNotNullConstraint columnName=discount_type, tableName=promotions; addNotNullConstraint columnName=value, tableName=promotions; addUniqueConstraint constraintName=ux_promotions_code, tableNa...","","","4.29.2","()","","4036325374"
"64","gentlemanstore","db/changelog/migrations/V22__separate_discounts_promotions.xml","2026-07-14T15:38:46.4","61","EXECUTED","9:eee02b4530ce3a163024058d6533c6cd","sql","","","4.29.2","()","","4036325374"
"65","gentlemanstore","db/changelog/migrations/V22__separate_discounts_promotions.xml","2026-07-14T15:38:46.41","62","EXECUTED","9:ffd9f51de7de75248c661a00fb9827c2","dropNotNullConstraint columnName=code, tableName=discounts","","","4.29.2","()","","4036325374"
"66","gentlemanstore","db/changelog/migrations/V22__separate_discounts_promotions.xml","2026-07-14T15:38:46.423","63","EXECUTED","9:6b6b1c10139c5512f862f65364625841","sql","","","4.29.2","()","","4036325374"
"67","gentlemanstore","db/changelog/migrations/V22__separate_discounts_promotions.xml","2026-07-14T15:38:46.435","64","EXECUTED","9:325b7c014a982fba957030f7e3d03259","sql",,"","4.29.2","()","","4036325374"
